"","class","mean","sd","max"
"1","annual",-0.989584185503333,1.09000562489206,2.036065938
"2","3-yr",-0.78484440787069,0.80746556267934,1.11327020766667
