"","class","mean","sd","max"
"1","annual",-0.81781715965,0.85048831879301,1.187838624
"2","3-yr",-0.7928977740375,0.781421798285862,0.809055176333333
